{"stats": "openaigym.episode_batch.0.2582.stats.json", "videos": [["openaigym.video.0.2582.video000000.mp4", "openaigym.video.0.2582.video000000.meta.json"], ["openaigym.video.0.2582.video000001.mp4", "openaigym.video.0.2582.video000001.meta.json"], ["openaigym.video.0.2582.video000008.mp4", "openaigym.video.0.2582.video000008.meta.json"], ["openaigym.video.0.2582.video000027.mp4", "openaigym.video.0.2582.video000027.meta.json"], ["openaigym.video.0.2582.video000064.mp4", "openaigym.video.0.2582.video000064.meta.json"], ["openaigym.video.0.2582.video000125.mp4", "openaigym.video.0.2582.video000125.meta.json"], ["openaigym.video.0.2582.video000216.mp4", "openaigym.video.0.2582.video000216.meta.json"], ["openaigym.video.0.2582.video000343.mp4", "openaigym.video.0.2582.video000343.meta.json"], ["openaigym.video.0.2582.video000512.mp4", "openaigym.video.0.2582.video000512.meta.json"]], "env_info": {"gym_version": "0.10.11", "env_id": "SpaceInvaders-v0"}}